date,close,daily_returns
2012-01-03,25.8,-0.09790209790209792
2012-01-04,26.0,0.007751937984496138
2012-01-05,25.6,-0.01538461538461533
2012-01-06,24.5,-0.04296875
2012-01-09,24.0,-0.020408163265306145
2012-01-10,23.4,-0.025000000000000022
2012-01-11,23.4,0.0
2012-01-12,24.7,0.05555555555555558
2012-01-13,23.0,-0.06882591093117407
2012-01-17,22.7,-0.013043478260869601
2012-01-18,24.4,0.07488986784140961
2012-01-19,27.3,0.11885245901639352
2012-01-20,28.4,0.04029304029304015
2012-01-23,28.8,0.014084507042253502
2012-01-24,28.6,-0.00694444444444442
2012-01-25,28.8,0.006993006993006867
2012-01-26,28.7,-0.003472222222222321
2012-01-27,27.3,-0.04878048780487798
2012-01-30,26.0,-0.04761904761904767
2012-01-31,28.5,0.09615384615384626
2012-02-01,29.0,0.01754385964912286
2012-02-02,29.3,0.010344827586207028
2012-02-03,29.9,0.020477815699658564
2012-02-06,29.2,-0.02341137123745818
2012-02-07,28.8,-0.013698630136986245
2012-02-08,28.6,-0.00694444444444442
2012-02-09,28.4,-0.006993006993007089
2012-02-10,27.4,-0.035211267605633756
2012-02-13,28.1,0.025547445255474477
2012-02-14,26.7,-0.04982206405693956
2012-02-15,26.5,-0.0074906367041198685
2012-02-16,26.1,-0.015094339622641506
2012-02-17,25.9,-0.00766283524904221
2012-02-21,26.1,0.007722007722007929
2012-02-22,28.9,0.10727969348658983
2012-02-23,31.5,0.08996539792387548
2012-02-24,30.7,-0.025396825396825418
2012-02-27,30.3,-0.013029315960912058
2012-02-28,29.7,-0.01980198019801982
2012-02-29,29.6,-0.0033670033670032407
2012-03-01,30.4,0.027027027027026973
2012-03-02,29.8,-0.019736842105263053
2012-03-05,30.4,0.020134228187919323
2012-03-06,30.1,-0.009868421052631526
2012-03-07,31.2,0.03654485049833878
2012-03-08,33.8,0.08333333333333326
2012-03-09,33.7,-0.002958579881656598
2012-03-12,33.0,-0.020771513353115778
2012-03-13,33.4,0.012121212121211977
2012-03-14,32.4,-0.029940119760479056
2012-03-15,32.4,0.0
2012-03-16,31.3,-0.033950617283950546
2012-03-19,33.0,0.054313099041533475
2012-03-20,32.8,-0.0060606060606061
2012-03-21,33.2,0.012195121951219745
2012-03-22,33.7,0.015060240963855387
2012-03-23,25.0,-0.25816023738872407
2012-03-26,23.6,-0.05599999999999994
2012-03-27,22.6,-0.0423728813559322
2012-03-28,21.4,-0.053097345132743445
2012-03-29,22.1,0.032710280373831946
2012-03-30,24.2,0.09502262443438902
2012-04-02,25.3,0.045454545454545414
2012-04-03,24.7,-0.02371541501976293
2012-04-04,23.8,-0.03643724696356265
2012-04-05,24.6,0.03361344537815136
2012-04-09,23.8,-0.0325203252032521
2012-04-10,22.0,-0.0756302521008404
2012-04-11,24.1,0.09545454545454546
2012-04-12,24.6,0.020746887966804906
2012-04-13,23.7,-0.03658536585365857
2012-04-16,22.7,-0.04219409282700426
2012-04-17,22.7,0.0
2012-04-18,22.3,-0.017621145374449254
2012-04-19,20.4,-0.08520179372197323
2012-04-20,20.7,0.014705882352941124
2012-04-23,19.3,-0.06763285024154586
2012-04-24,20.3,0.051813471502590636
2012-04-25,21.1,0.039408866995073843
2012-04-26,20.6,-0.023696682464455
2012-04-27,20.2,-0.019417475728155442
2012-04-30,20.5,0.014851485148514865
2012-05-01,20.0,-0.024390243902439046
2012-05-02,19.2,-0.040000000000000036
2012-05-03,17.7,-0.078125
2012-05-04,14.8,-0.16384180790960445
2012-05-07,14.8,0.0
2012-05-08,14.9,0.006756756756756799
2012-05-09,14.9,0.0
2012-05-10,15.5,0.04026845637583887
2012-05-11,16.1,0.03870967741935494
2012-05-14,16.9,0.04968944099378869
2012-05-15,16.7,-0.011834319526627168
2012-05-16,16.3,-0.0239520958083832
2012-05-17,16.3,0.0
2012-05-18,15.9,-0.024539877300613466
2012-05-21,16.1,0.012578616352201255
2012-05-22,16.2,0.006211180124223503
2012-05-23,16.7,0.030864197530864113
2012-05-24,16.1,-0.03592814371257469
2012-05-25,15.5,-0.037267080745341685
2012-05-29,15.4,-0.006451612903225823
2012-05-30,14.3,-0.0714285714285714
2012-05-31,14.6,0.020979020979020824
2012-06-01,13.2,-0.09589041095890416
2012-06-04,13.2,0.0
2012-06-05,12.2,-0.0757575757575758
2012-06-06,12.0,-0.016393442622950727
2012-06-07,13.6,0.1333333333333333
2012-06-08,15.1,0.11029411764705888
2012-06-11,13.7,-0.0927152317880795
2012-06-12,13.0,-0.05109489051094884
2012-06-13,12.2,-0.06153846153846154
2012-06-14,12.8,0.049180327868852514
2012-06-15,13.9,0.0859375
2012-06-18,13.3,-0.043165467625899234
2012-06-19,13.8,0.03759398496240607
2012-06-20,14.1,0.021739130434782483
2012-06-21,13.1,-0.07092198581560283
2012-06-22,13.1,0.0
2012-06-25,13.1,0.0
2012-06-26,12.9,-0.015267175572518998
2012-06-27,12.5,-0.03100775193798455
2012-06-28,12.7,0.016000000000000014
2012-06-29,13.4,0.0551181102362206
2012-07-02,13.1,-0.022388059701492602
2012-07-03,13.8,0.05343511450381677
2012-07-05,13.5,-0.021739130434782705
2012-07-06,13.3,-0.014814814814814725
2012-07-09,13.0,-0.022556390977443663
2012-07-10,13.5,0.03846153846153855
2012-07-11,13.4,-0.007407407407407418
2012-07-12,13.1,-0.022388059701492602
2012-07-13,13.4,0.022900763358778775
2012-07-16,13.5,0.00746268656716409
2012-07-17,14.0,0.03703703703703698
2012-07-18,15.8,0.12857142857142856
2012-07-19,18.6,0.17721518987341778
2012-07-20,17.4,-0.06451612903225823
2012-07-23,17.4,0.0
2012-07-24,16.8,-0.0344827586206895
2012-07-25,16.3,-0.029761904761904767
2012-07-26,16.7,0.024539877300613355
2012-07-27,16.9,0.011976047904191489
2012-07-30,16.5,-0.023668639053254337
2012-07-31,15.8,-0.042424242424242364
2012-08-01,14.3,-0.09493670886075944
2012-08-02,14.8,0.034965034965035
2012-08-03,14.9,0.006756756756756799
2012-08-06,15.1,0.01342281879194629
2012-08-07,15.0,-0.0066225165562913135
2012-08-08,15.1,0.006666666666666599
2012-08-09,15.3,0.013245033112582849
2012-08-10,15.2,-0.0065359477124183885
2012-08-13,14.5,-0.046052631578947345
2012-08-14,14.3,-0.013793103448275779
2012-08-15,13.9,-0.027972027972028024
2012-08-16,13.5,-0.02877697841726623
2012-08-17,14.8,0.09629629629629632
2012-08-20,15.0,0.013513513513513375
2012-08-21,15.8,0.053333333333333455
2012-08-22,15.4,-0.025316455696202556
2012-08-23,15.6,0.01298701298701288
2012-08-24,15.0,-0.038461538461538436
2012-08-27,15.2,0.013333333333333197
2012-08-28,17.9,0.17763157894736836
2012-08-29,16.8,-0.06145251396648033
2012-08-30,16.6,-0.011904761904761862
2012-08-31,16.5,-0.006024096385542244
2012-09-04,16.7,0.012121212121211977
2012-09-05,16.5,-0.0119760479041916
2012-09-06,16.9,0.024242424242424176
2012-09-07,16.8,-0.005917159763313529
2012-09-10,16.5,-0.017857142857142905
2012-09-11,17.0,0.030303030303030276
2012-09-12,16.5,-0.02941176470588236
2012-09-13,16.0,-0.030303030303030276
2012-09-14,14.8,-0.07499999999999996
2012-09-17,15.3,0.03378378378378377
2012-09-18,14.9,-0.02614379084967322
2012-09-19,15.3,0.02684563758389258
2012-09-20,14.5,-0.05228758169934644
2012-09-21,14.9,0.02758620689655178
2012-09-24,15.0,0.006711409395973034
2012-09-25,16.1,0.07333333333333347
2012-09-26,16.0,-0.006211180124223725
2012-09-27,15.4,-0.03749999999999998
2012-09-28,15.5,0.006493506493506551
2012-10-01,15.6,0.006451612903225712
2012-10-02,15.2,-0.02564102564102566
2012-10-03,15.2,0.0
2012-10-04,15.0,-0.013157894736842035
2012-10-05,14.9,-0.006666666666666599
2012-10-08,14.5,-0.02684563758389269
2012-10-09,14.3,-0.013793103448275779
2012-10-10,14.0,-0.020979020979021046
2012-10-11,13.9,-0.0071428571428571175
2012-10-12,13.7,-0.014388489208633115
2012-10-15,13.2,-0.03649635036496346
2012-10-16,13.4,0.015151515151515138
2012-10-17,13.5,0.00746268656716409
2012-10-18,13.4,-0.007407407407407418
2012-10-19,12.7,-0.052238805970149294
2012-10-22,12.4,-0.023622047244094446
2012-10-23,11.8,-0.048387096774193505
2012-10-24,11.9,0.008474576271186418
2012-10-25,12.4,0.04201680672268915
2012-10-26,12.8,0.032258064516129004
2012-10-31,13.8,0.078125
2012-11-01,13.6,-0.01449275362318847
2012-11-02,13.5,-0.007352941176470562
2012-11-05,12.8,-0.051851851851851816
2012-11-06,12.4,-0.03125
2012-11-07,12.4,0.0
2012-11-08,13.5,0.08870967741935476
2012-11-09,12.9,-0.0444444444444444
2012-11-12,12.4,-0.03875968992248058
2012-11-13,11.7,-0.05645161290322587
2012-11-14,11.7,0.0
2012-11-15,11.7,0.0
2012-11-16,11.5,-0.017094017094017033
2012-11-19,12.2,0.060869565217391175
2012-11-20,13.0,0.06557377049180335
2012-11-21,12.6,-0.03076923076923077
2012-11-23,12.3,-0.023809523809523725
2012-11-26,12.5,0.016260162601625883
2012-11-27,12.5,0.0
2012-11-28,12.5,0.0
2012-11-29,12.7,0.016000000000000014
2012-11-30,12.4,-0.023622047244094446
2012-12-03,12.2,-0.016129032258064613
2012-12-04,11.4,-0.06557377049180324
2012-12-05,11.4,0.0
2012-12-06,11.8,0.03508771929824572
2012-12-07,12.4,0.05084745762711851
2012-12-10,12.2,-0.016129032258064613
2012-12-11,12.6,0.032786885245901676
2012-12-12,12.3,-0.023809523809523725
2012-12-13,13.0,0.05691056910569103
2012-12-14,12.9,-0.007692307692307665
2012-12-17,13.5,0.046511627906976605
2012-12-18,14.0,0.03703703703703698
2012-12-19,12.8,-0.08571428571428563
2012-12-20,13.3,0.0390625
2012-12-21,13.5,0.015037593984962294
2012-12-24,13.5,0.0
2012-12-26,13.0,-0.03703703703703709
2012-12-27,13.3,0.023076923076923217
2012-12-28,13.3,0.0
2012-12-31,12.5,-0.06015037593984962
2013-01-02,12.9,0.03200000000000003
2013-01-03,13.1,0.015503875968992276
2013-01-04,13.6,0.03816793893129766
2013-01-07,13.2,-0.02941176470588236
2013-01-08,13.3,0.007575757575757791
2013-01-09,13.4,0.007518796992481258
2013-01-10,13.2,-0.014925373134328401
2013-01-11,13.6,0.030303030303030276
2013-01-14,13.5,-0.007352941176470562
2013-01-15,13.8,0.022222222222222365
2013-01-16,14.6,0.05797101449275344
2013-01-17,14.6,0.0
2013-01-18,14.2,-0.0273972602739726
2013-01-22,14.8,0.04225352112676073
2013-01-23,14.5,-0.020270270270270285
2013-01-24,14.3,-0.013793103448275779
2013-01-25,14.3,0.0
2013-01-28,14.1,-0.013986013986014068
2013-01-29,14.3,0.014184397163120588
2013-01-30,13.9,-0.027972027972028024
2013-01-31,13.6,-0.021582733812949728
2013-02-01,13.0,-0.044117647058823484
2013-02-04,12.7,-0.023076923076923106
2013-02-05,12.0,-0.055118110236220375
2013-02-06,12.2,0.016666666666666607
2013-02-07,12.4,0.016393442622950838
2013-02-08,12.4,0.0
2013-02-11,12.6,0.016129032258064502
2013-02-12,12.3,-0.023809523809523725
2013-02-13,12.2,-0.008130081300813163
2013-02-14,12.2,0.0
2013-02-15,12.2,0.0
2013-02-19,11.2,-0.08196721311475408
2013-02-20,9.9,-0.11607142857142849
2013-02-21,10.0,0.010101010101010166
2013-02-22,9.9,-0.010000000000000009
2013-02-25,9.5,-0.04040404040404044
2013-02-26,9.2,-0.03157894736842115
2013-02-27,8.9,-0.032608695652173836
2013-02-28,9.0,0.011235955056179803
2013-03-01,8.7,-0.03333333333333344
2013-03-04,8.8,0.011494252873563315
2013-03-05,8.8,0.0
2013-03-06,8.6,-0.022727272727272818
2013-03-07,8.4,-0.023255813953488302
2013-03-08,9.2,0.09523809523809512
2013-03-11,9.5,0.03260869565217406
2013-03-12,9.2,-0.03157894736842115
2013-03-13,9.2,0.0
2013-03-14,9.2,0.0
2013-03-15,9.0,-0.021739130434782483
2013-03-18,8.8,-0.022222222222222143
2013-03-19,8.8,0.0
2013-03-20,8.8,0.0
2013-03-21,8.8,0.0
2013-03-22,8.5,-0.03409090909090917
2013-03-25,8.4,-0.0117647058823529
2013-03-26,8.8,0.04761904761904767
2013-03-27,8.2,-0.06818181818181834
2013-03-28,8.2,0.0
2013-04-01,8.9,0.08536585365853666
2013-04-02,8.6,-0.03370786516853941
2013-04-03,8.7,0.011627906976744207
2013-04-04,8.7,0.0
2013-04-05,8.6,-0.011494252873563204
2013-04-08,7.7,-0.10465116279069764
2013-04-09,7.3,-0.051948051948051965
2013-04-10,7.5,0.027397260273972712
2013-04-11,6.8,-0.09333333333333338
2013-04-12,6.8,0.0
2013-04-15,6.1,-0.10294117647058831
2013-04-16,6.7,0.09836065573770503
2013-04-17,6.5,-0.02985074626865669
2013-04-18,6.5,0.0
2013-04-19,7.0,0.07692307692307687
2013-04-22,6.5,-0.0714285714285714
2013-04-23,6.7,0.030769230769230882
2013-04-24,6.3,-0.059701492537313494
2013-04-25,6.3,0.0
2013-04-26,7.4,0.17460317460317465
2013-04-29,7.5,0.013513513513513375
2013-04-30,8.9,0.18666666666666676
2013-05-01,8.3,-0.0674157303370786
2013-05-02,8.2,-0.012048192771084487
2013-05-03,8.2,0.0
2013-05-06,8.2,0.0
2013-05-07,8.7,0.060975609756097615
2013-05-08,8.8,0.011494252873563315
2013-05-09,8.4,-0.045454545454545525
2013-05-10,8.4,0.0
2013-05-13,8.0,-0.04761904761904767
2013-05-14,8.0,0.0
2013-05-15,8.4,0.050000000000000044
2013-05-16,7.8,-0.07142857142857151
2013-05-17,7.5,-0.038461538461538436
2013-05-20,7.3,-0.026666666666666727
2013-05-21,7.4,0.013698630136986356
2013-05-22,7.8,0.054054054054053946
2013-05-23,7.4,-0.05128205128205121
2013-05-24,6.8,-0.08108108108108114
2013-05-28,6.7,-0.014705882352941124
2013-05-29,6.4,-0.04477611940298509
2013-05-30,6.2,-0.03125
2013-05-31,6.2,0.0
2013-06-03,6.1,-0.016129032258064613
2013-06-04,6.3,0.032786885245901676
2013-06-05,5.8,-0.07936507936507942
2013-06-06,5.7,-0.01724137931034475
2013-06-07,5.5,-0.03508771929824561
2013-06-10,5.4,-0.018181818181818077
2013-06-11,5.4,0.0
2013-06-12,5.5,0.01851851851851838
2013-06-13,5.5,0.0
2013-06-14,5.5,0.0
2013-06-17,5.4,-0.018181818181818077
2013-06-18,5.3,-0.0185185185185186
2013-06-19,5.5,0.037735849056603765
2013-06-20,5.3,-0.036363636363636376
2013-06-21,5.5,0.037735849056603765
2013-06-24,5.3,-0.036363636363636376
2013-06-25,5.3,0.0
2013-06-26,5.4,0.018867924528301883
2013-06-27,5.4,0.0
2013-06-28,4.5,-0.16666666666666674
2013-07-01,5.4,0.20000000000000018
2013-07-02,5.3,-0.0185185185185186
2013-07-03,5.3,0.0
2013-07-05,5.2,-0.01886792452830177
2013-07-08,5.1,-0.019230769230769384
2013-07-09,5.1,0.0
2013-07-10,4.7,-0.07843137254901955
2013-07-11,5.4,0.14893617021276606
2013-07-12,5.7,0.05555555555555558
2013-07-15,6.0,0.05263157894736836
2013-07-16,5.8,-0.033333333333333326
2013-07-17,5.8,0.0
2013-07-18,5.7,-0.01724137931034475
2013-07-19,5.8,0.01754385964912264
2013-07-22,5.9,0.017241379310344973
2013-07-23,6.9,0.1694915254237288
2013-07-24,6.5,-0.05797101449275366
2013-07-25,6.1,-0.06153846153846154
2013-07-26,6.5,0.06557377049180335
2013-07-29,6.6,0.01538461538461533
2013-07-30,7.1,0.07575757575757569
2013-07-31,6.8,-0.04225352112676051
2013-08-01,6.7,-0.014705882352941124
2013-08-02,6.7,0.0
2013-08-05,6.6,-0.014925373134328401
2013-08-06,6.5,-0.015151515151515138
2013-08-07,6.2,-0.0461538461538461
2013-08-08,6.1,-0.016129032258064613
2013-08-09,6.5,0.06557377049180335
2013-08-12,5.9,-0.0923076923076922
2013-08-13,5.9,0.0
2013-08-14,6.0,0.016949152542372836
2013-08-15,6.0,0.0
2013-08-16,6.0,0.0
2013-08-19,6.0,0.0
2013-08-20,6.4,0.06666666666666665
2013-08-21,6.0,-0.0625
2013-08-22,6.0,0.0
2013-08-23,6.0,0.0
2013-08-26,5.9,-0.016666666666666607
2013-08-27,5.7,-0.03389830508474578
2013-08-28,5.7,0.0
2013-08-29,5.7,0.0
2013-08-30,5.7,0.0
2013-09-03,5.7,0.0
2013-09-04,5.7,0.0
2013-09-05,5.9,0.03508771929824572
2013-09-06,5.9,0.0
2013-09-09,6.4,0.0847457627118644
2013-09-10,6.0,-0.0625
2013-09-11,5.9,-0.016666666666666607
2013-09-12,6.0,0.016949152542372836
2013-09-13,6.0,0.0
2013-09-16,6.0,0.0
2013-09-17,5.9,-0.016666666666666607
2013-09-18,5.8,-0.016949152542372947
2013-09-19,6.2,0.06896551724137945
2013-09-20,5.6,-0.09677419354838723
2013-09-23,6.1,0.08928571428571419
2013-09-24,6.1,0.0
2013-09-25,6.0,-0.016393442622950727
2013-09-26,6.0,0.0
2013-09-27,6.0,0.0
2013-09-30,6.7,0.1166666666666667
2013-10-01,7.4,0.10447761194029859
2013-10-02,7.5,0.013513513513513375
2013-10-03,7.3,-0.026666666666666727
2013-10-04,7.5,0.027397260273972712
2013-10-07,7.3,-0.026666666666666727
2013-10-08,7.1,-0.0273972602739726
2013-10-09,7.2,0.014084507042253502
2013-10-10,7.0,-0.02777777777777779
2013-10-11,7.0,0.0
2013-10-14,6.9,-0.014285714285714235
2013-10-15,6.7,-0.02898550724637683
2013-10-16,6.6,-0.014925373134328401
2013-10-17,6.2,-0.06060606060606055
2013-10-18,6.1,-0.016129032258064613
2013-10-21,6.0,-0.016393442622950727
2013-10-22,5.9,-0.016666666666666607
2013-10-23,6.0,0.016949152542372836
2013-10-24,6.0,0.0
2013-10-25,6.0,0.0
2013-10-28,5.9,-0.016666666666666607
2013-10-29,5.9,0.0
2013-10-30,5.9,0.0
2013-10-31,6.0,0.016949152542372836
2013-11-01,5.9,-0.016666666666666607
2013-11-04,5.9,0.0
2013-11-05,6.4,0.0847457627118644
2013-11-06,6.5,0.015625
2013-11-07,6.3,-0.03076923076923077
2013-11-08,4.5,-0.2857142857142857
2013-11-11,4.6,0.022222222222222143
2013-11-12,4.6,0.0
2013-11-13,4.6,0.0
2013-11-14,4.5,-0.021739130434782483
2013-11-15,4.5,0.0
2013-11-18,4.3,-0.04444444444444451
2013-11-19,4.4,0.023255813953488413
2013-11-20,4.5,0.022727272727272707
2013-11-21,5.1,0.1333333333333333
2013-11-22,5.0,-0.019607843137254832
2013-11-25,4.2,-0.15999999999999992
2013-11-26,4.3,0.023809523809523725
2013-11-27,4.1,-0.04651162790697683
2013-11-29,4.1,0.0
2013-12-02,4.1,0.0
2013-12-03,4.2,0.024390243902439046
2013-12-04,4.2,0.0
2013-12-05,4.4,0.04761904761904767
2013-12-06,4.4,0.0
2013-12-09,4.5,0.022727272727272707
2013-12-10,4.2,-0.06666666666666665
2013-12-11,4.1,-0.023809523809523947
2013-12-12,3.9,-0.04878048780487798
2013-12-13,4.2,0.0769230769230771
2013-12-16,3.8,-0.09523809523809534
2013-12-17,3.8,0.0
2013-12-18,3.7,-0.02631578947368407
2013-12-19,3.9,0.054054054054053946
2013-12-20,3.8,-0.02564102564102566
2013-12-23,4.4,0.1578947368421053
2013-12-24,4.6,0.04545454545454519
2013-12-26,5.3,0.15217391304347827
2013-12-27,5.2,-0.01886792452830177
2013-12-30,5.0,-0.03846153846153855
2013-12-31,5.0,0.0
2014-01-02,5.1,0.020000000000000018
2014-01-03,5.1,0.0
2014-01-06,5.3,0.03921568627450989
2014-01-07,5.4,0.018867924528301883
2014-01-08,5.3,-0.0185185185185186
2014-01-09,5.2,-0.01886792452830177
2014-01-10,5.5,0.05769230769230771
2014-01-13,6.0,0.09090909090909083
2014-01-14,5.9,-0.016666666666666607
2014-01-15,6.7,0.1355932203389829
2014-01-16,6.5,-0.02985074626865669
2014-01-17,7.6,0.16923076923076907
2014-01-21,6.7,-0.11842105263157887
2014-01-22,6.5,-0.02985074626865669
2014-01-23,7.1,0.0923076923076922
2014-01-24,7.0,-0.014084507042253502
2014-01-27,6.3,-0.09999999999999998
2014-01-28,6.0,-0.04761904761904756
2014-01-29,6.0,0.0
2014-01-30,6.0,0.0
2014-01-31,5.4,-0.09999999999999998
2014-02-03,5.2,-0.03703703703703709
2014-02-04,5.3,0.019230769230769162
2014-02-05,5.3,0.0
2014-02-06,5.5,0.037735849056603765
2014-02-07,5.4,-0.018181818181818077
2014-02-10,6.0,0.11111111111111094
2014-02-11,5.9,-0.016666666666666607
2014-02-12,5.7,-0.03389830508474578
2014-02-13,5.6,-0.01754385964912286
2014-02-14,5.7,0.017857142857143016
2014-02-18,5.8,0.01754385964912264
2014-02-19,5.8,0.0
2014-02-20,6.0,0.034482758620689724
2014-02-21,5.9,-0.016666666666666607
2014-02-24,5.8,-0.016949152542372947
2014-02-25,5.8,0.0
2014-02-26,5.8,0.0
2014-02-27,6.2,0.06896551724137945
2014-02-28,6.7,0.08064516129032251
2014-03-03,6.5,-0.02985074626865669
2014-03-04,6.7,0.030769230769230882
2014-03-05,6.9,0.029850746268656803
2014-03-06,6.9,0.0
2014-03-07,7.6,0.10144927536231862
2014-03-10,7.6,0.0
2014-03-11,7.3,-0.03947368421052633
2014-03-12,7.2,-0.013698630136986245
2014-03-13,7.1,-0.01388888888888895
2014-03-14,7.4,0.04225352112676073
2014-03-17,7.1,-0.04054054054054068
2014-03-18,7.9,0.11267605633802824
2014-03-19,8.4,0.06329113924050622
2014-03-20,9.6,0.1428571428571428
2014-03-21,9.8,0.02083333333333348
2014-03-24,9.2,-0.061224489795918546
2014-03-25,8.5,-0.07608695652173902
2014-03-26,8.3,-0.0235294117647058
2014-03-27,8.1,-0.024096385542168752
2014-03-28,8.7,0.07407407407407396
2014-03-31,8.4,-0.0344827586206895
2014-04-01,8.1,-0.03571428571428581
2014-04-02,8.3,0.024691358024691468
2014-04-03,8.0,-0.03614457831325313
2014-04-04,8.0,0.0
2014-04-07,7.7,-0.03749999999999998
2014-04-08,7.0,-0.09090909090909094
2014-04-09,7.0,0.0
2014-04-10,6.7,-0.042857142857142816
2014-04-11,6.3,-0.059701492537313494
2014-04-14,6.9,0.09523809523809534
2014-04-15,6.4,-0.07246376811594202
2014-04-16,7.0,0.09375
2014-04-17,7.0,0.0
2014-04-21,7.0,0.0
2014-04-22,6.9,-0.014285714285714235
2014-04-23,6.9,0.0
2014-04-24,6.9,0.0
2014-04-25,7.0,0.014492753623188248
2014-04-28,7.0,0.0
2014-04-29,7.0,0.0
2014-04-30,7.0,0.0
2014-05-01,7.0,0.0
2014-05-02,7.1,0.014285714285714235
2014-05-05,7.4,0.04225352112676073
2014-05-06,7.6,0.027027027027026973
2014-05-07,7.1,-0.06578947368421051
2014-05-08,7.1,0.0
2014-05-09,7.1,0.0
2014-05-12,6.8,-0.04225352112676051
2014-05-13,6.7,-0.014705882352941124
2014-05-14,6.7,0.0
2014-05-15,6.7,0.0
2014-05-16,6.7,0.0
2014-05-19,6.6,-0.014925373134328401
2014-05-20,6.7,0.015151515151515138
2014-05-21,6.5,-0.02985074626865669
2014-05-22,6.5,0.0
2014-05-23,6.7,0.030769230769230882
2014-05-27,6.7,0.0
2014-05-28,6.8,0.014925373134328401
2014-05-29,6.9,0.014705882352941346
2014-05-30,6.4,-0.07246376811594202
2014-06-02,6.8,0.0625
2014-06-03,6.7,-0.014705882352941124
2014-06-04,7.0,0.04477611940298498
2014-06-05,7.6,0.08571428571428563
2014-06-06,7.8,0.026315789473684292
2014-06-09,7.8,0.0
2014-06-10,7.6,-0.02564102564102566
2014-06-11,7.8,0.026315789473684292
2014-06-12,7.7,-0.012820512820512775
2014-06-13,7.7,0.0
2014-06-16,7.5,-0.025974025974025983
2014-06-17,7.3,-0.026666666666666727
2014-06-18,7.3,0.0
2014-06-19,7.1,-0.0273972602739726
2014-06-20,6.7,-0.05633802816901401
2014-06-23,7.1,0.05970149253731338
2014-06-24,6.9,-0.028169014084506894
2014-06-25,7.0,0.014492753623188248
2014-06-26,6.8,-0.02857142857142858
2014-06-27,6.8,0.0
2014-06-30,6.7,-0.014705882352941124
2014-07-01,7.0,0.04477611940298498
2014-07-02,7.2,0.028571428571428692
2014-07-03,7.2,0.0
2014-07-07,7.2,0.0
2014-07-08,6.7,-0.06944444444444442
2014-07-09,6.9,0.029850746268656803
2014-07-10,7.0,0.014492753623188248
2014-07-11,6.9,-0.014285714285714235
2014-07-14,6.8,-0.01449275362318847
2014-07-15,6.8,0.0
2014-07-16,6.9,0.014705882352941346
2014-07-17,6.5,-0.05797101449275366
2014-07-18,6.6,0.01538461538461533
2014-07-21,6.6,0.0
2014-07-22,6.5,-0.015151515151515138
2014-07-23,6.4,-0.01538461538461533
2014-07-24,6.1,-0.04687500000000011
2014-07-25,6.1,0.0
2014-07-28,6.27,0.02786885245901649
2014-07-29,6.71,0.07017543859649122
2014-07-30,6.92,0.03129657228017879
2014-07-31,7.12,0.028901734104046284
2014-08-01,5.03,-0.2935393258426966
2014-08-04,4.96,-0.013916500994035852
2014-08-05,5.1,0.028225806451612767
2014-08-06,5.05,-0.009803921568627416
2014-08-07,5.06,0.001980198019801982
2014-08-08,4.52,-0.10671936758893286
2014-08-11,4.4,-0.0265486725663715
2014-08-12,4.63,0.05227272727272725
2014-08-13,4.97,0.07343412526997839
2014-08-14,4.8,-0.03420523138832998
2014-08-15,4.85,0.01041666666666674
2014-08-18,4.88,0.006185567010309256
2014-08-19,4.88,0.0
2014-08-20,4.89,0.002049180327868827
2014-08-21,4.82,-0.014314928425357754
2014-08-22,4.76,-0.012448132780083054
2014-08-25,4.82,0.0126050420168069
2014-08-26,4.84,0.004149377593360981
2014-08-27,4.77,-0.01446280991735538
2014-08-28,4.77,0.0
2014-08-29,4.7,-0.01467505241090139
2014-09-02,4.76,0.012765957446808418
2014-09-03,5.01,0.05252100840336138
2014-09-04,5.4,0.07784431137724557
2014-09-05,5.21,-0.03518518518518521
2014-09-08,5.09,-0.02303262955854124
2014-09-09,5.28,0.037328094302554016
2014-09-10,5.0,-0.053030303030303094
2014-09-11,5.13,0.026000000000000023
2014-09-12,5.04,-0.01754385964912275
2014-09-15,5.47,0.08531746031746024
2014-09-16,5.3,-0.031078610603290646
2014-09-17,4.99,-0.058490566037735725
2014-09-18,5.0,0.002004008016031955
2014-09-19,5.01,0.0020000000000000018
2014-09-22,4.95,-0.011976047904191489
2014-09-23,4.77,-0.03636363636363649
2014-09-24,4.75,-0.004192872117400381
2014-09-25,4.63,-0.025263157894736876
2014-09-26,4.61,-0.004319654427645703
2014-09-29,4.38,-0.04989154013015196
2014-09-30,4.48,0.022831050228310668
2014-10-01,4.23,-0.0558035714285714
2014-10-02,4.44,0.049645390070921946
2014-10-03,4.44,0.0
2014-10-06,4.2,-0.05405405405405406
2014-10-07,3.93,-0.06428571428571428
2014-10-08,3.84,-0.022900763358778664
2014-10-09,3.69,-0.0390625
2014-10-10,3.8,0.02981029810298108
2014-10-13,3.77,-0.007894736842105177
2014-10-14,3.41,-0.0954907161803713
2014-10-15,3.4,-0.0029325513196482023
2014-10-16,3.96,0.16470588235294126
2014-10-17,4.02,0.015151515151515138
2014-10-20,4.08,0.014925373134328401
2014-10-21,4.28,0.0490196078431373
2014-10-22,4.66,0.08878504672897192
2014-10-23,4.27,-0.08369098712446366
2014-10-24,4.11,-0.03747072599531598
2014-10-27,3.94,-0.041362530413625365
2014-10-28,4.2,0.06598984771573613
2014-10-29,4.07,-0.030952380952380953
2014-10-30,4.18,0.027027027027026973
2014-10-31,4.16,-0.004784688995215225
2014-11-03,4.15,-0.0024038461538461453
2014-11-04,4.16,0.00240963855421672
2014-11-05,4.14,-0.004807692307692402
2014-11-06,4.15,0.0024154589371983004
2014-11-07,4.07,-0.01927710843373498
2014-11-10,4.09,0.004914004914004844
2014-11-11,4.06,-0.007334963325183463
2014-11-12,4.04,-0.004926108374384119
2014-11-13,4.15,0.027227722772277252
2014-11-14,4.05,-0.024096385542168752
2014-11-17,3.53,-0.1283950617283951
2014-11-18,3.16,-0.10481586402266285
2014-11-19,3.03,-0.04113924050632922
2014-11-20,3.04,0.0033003300330034513
2014-11-21,2.91,-0.042763157894736836
2014-11-24,3.03,0.04123711340206171
2014-11-25,2.86,-0.05610561056105612
2014-11-26,3.04,0.06293706293706292
2014-11-28,2.98,-0.019736842105263164
2014-12-01,2.81,-0.057046979865771785
2014-12-02,2.7,-0.039145907473309594
2014-12-03,2.7,0.0
2014-12-04,2.8,0.03703703703703698
2014-12-05,2.95,0.0535714285714286
2014-12-08,2.82,-0.044067796610169574
2014-12-09,3.07,0.08865248226950362
2014-12-10,2.8,-0.08794788273615639
2014-12-11,2.84,0.014285714285714235
2014-12-12,2.83,-0.0035211267605632646
2014-12-15,2.72,-0.03886925795052998
2014-12-16,2.69,-0.011029411764705954
2014-12-17,2.63,-0.02230483271375472
2014-12-18,2.45,-0.06844106463878319
2014-12-19,2.53,0.03265306122448974
2014-12-22,2.66,0.05138339920948631
2014-12-23,2.61,-0.018796992481203145
2014-12-24,2.59,-0.007662835249042099
2014-12-26,2.55,-0.015444015444015413
2014-12-29,2.54,-0.0039215686274508554
2014-12-30,2.82,0.11023622047244097
2014-12-31,3.03,0.07446808510638303
2015-01-02,3.0,-0.009900990099009799
2015-01-05,2.91,-0.029999999999999916
2015-01-06,2.85,-0.020618556701030966
2015-01-07,2.85,0.0
2015-01-08,2.92,0.024561403508771784
2015-01-09,2.88,-0.013698630136986356
2015-01-12,2.93,0.01736111111111116
2015-01-13,3.04,0.03754266211604085
2015-01-14,2.97,-0.023026315789473673
2015-01-15,2.92,-0.01683501683501687
2015-01-16,2.99,0.023972602739726234
2015-01-20,2.9,-0.030100334448160626
2015-01-21,2.93,0.010344827586207028
2015-01-22,2.84,-0.03071672354948818
2015-01-23,2.76,-0.028169014084507116
2015-01-26,2.83,0.025362318840579823
2015-01-27,2.98,0.053003533568904526
2015-01-28,2.95,-0.010067114093959662
2015-01-29,3.23,0.09491525423728797
2015-01-30,3.3,0.021671826625387025
2015-02-02,3.03,-0.08181818181818179
2015-02-03,3.17,0.04620462046204632
2015-02-04,3.11,-0.018927444794952675
2015-02-05,3.16,0.016077170418006492
2015-02-06,3.1,-0.01898734177215189
2015-02-09,3.15,0.016129032258064502
2015-02-10,3.13,-0.006349206349206327
2015-02-11,2.92,-0.06709265175718848
2015-02-12,3.0,0.027397260273972712
2015-02-13,3.09,0.030000000000000027
2015-02-17,3.09,0.0
2015-02-18,3.1,0.003236245954692629
2015-02-19,3.4,0.09677419354838701
2015-02-20,3.6,0.05882352941176472
2015-02-23,3.2,-0.11111111111111105
2015-02-24,3.3,0.031249999999999778
2015-02-25,3.31,0.003030303030303161
2015-02-26,3.21,-0.030211480362537846
2015-02-27,3.59,0.11838006230529596
2015-03-02,3.63,0.011142061281337101
2015-03-03,3.58,-0.01377410468319551
2015-03-04,3.68,0.027932960893854775
2015-03-05,3.68,0.0
2015-03-06,3.44,-0.0652173913043479
2015-03-09,3.54,0.029069767441860517
2015-03-10,3.7,0.04519774011299438
2015-03-11,3.7,0.0
2015-03-12,3.6,-0.027027027027027084
2015-03-13,3.62,0.005555555555555536
2015-03-16,3.64,0.005524861878453136
2015-03-17,3.75,0.030219780219780112
2015-03-18,3.7,-0.013333333333333308
2015-03-19,4.24,0.145945945945946
2015-03-20,4.2,-0.009433962264150941
2015-03-23,4.35,0.03571428571428559
2015-03-24,4.27,-0.01839080459770115
2015-03-25,4.02,-0.05854800936768145
2015-03-26,4.05,0.007462686567164312
2015-03-27,4.14,0.022222222222222143
2015-03-30,4.26,0.02898550724637694
2015-03-31,4.1,-0.03755868544600938
2015-04-01,4.25,0.03658536585365857
2015-04-02,4.09,-0.03764705882352948
2015-04-06,4.45,0.08801955990220067
2015-04-07,4.2,-0.0561797752808989
2015-04-08,4.23,0.0071428571428571175
2015-04-09,3.99,-0.05673758865248235
2015-04-10,3.92,-0.01754385964912286
2015-04-13,4.0,0.020408163265306145
2015-04-14,4.08,0.020000000000000018
2015-04-15,4.1,0.004901960784313708
2015-04-16,4.15,0.012195121951219745
2015-04-17,4.19,0.009638554216867545
2015-04-20,4.39,0.04773269689737458
2015-04-21,4.4,0.002277904328018332
2015-04-22,4.38,-0.00454545454545463
2015-04-23,4.23,-0.03424657534246567
2015-04-24,4.2,-0.007092198581560294
2015-04-27,4.18,-0.004761904761904856
2015-04-28,4.41,0.055023923444976086
2015-04-29,4.25,-0.03628117913832207
2015-04-30,4.2,-0.0117647058823529
2015-05-01,4.25,0.011904761904761862
2015-05-04,4.2,-0.0117647058823529
2015-05-05,4.265,0.015476190476190421
2015-05-06,4.15,-0.026963657678780617
2015-05-07,4.0,-0.03614457831325313
2015-05-08,3.9,-0.025000000000000022
2015-05-11,3.99,0.023076923076923217
2015-05-12,3.92,-0.01754385964912286
2015-05-13,3.8,-0.030612244897959218
2015-05-14,3.85,0.013157894736842257
2015-05-15,3.7,-0.038961038961038974
2015-05-18,3.52,-0.04864864864864871
2015-05-19,3.6,0.022727272727272707
2015-05-20,3.59,-0.002777777777777879
2015-05-21,3.63,0.011142061281337101
2015-05-22,3.67,0.011019283746556585
2015-05-26,3.67,0.0
2015-05-27,3.72,0.013623978201634968
2015-05-28,3.99,0.07258064516129026
2015-05-29,4.1,0.027568922305764243
2015-06-01,3.92,-0.04390243902439017
2015-06-02,3.98,0.015306122448979664
2015-06-03,3.95,-0.007537688442211032
2015-06-04,3.94,-0.0025316455696202667
2015-06-05,4.0,0.015228426395939021
2015-06-08,3.85,-0.03749999999999998
2015-06-09,3.9,0.01298701298701288
2015-06-10,3.85,-0.012820512820512775
2015-06-11,3.8,-0.012987012987013102
2015-06-12,3.8,0.0
2015-06-15,3.8,0.0
2015-06-16,3.61,-0.04999999999999993
2015-06-17,3.35,-0.07202216066481992
2015-06-18,3.315,-0.010447761194029903
2015-06-19,3.4,0.02564102564102555
2015-06-22,3.4,0.0
2015-06-23,3.12,-0.08235294117647052
2015-06-24,3.2725,0.048878205128205066
2015-06-25,2.88,-0.11993888464476699
2015-06-26,4.0,0.38888888888888884
2015-06-29,3.45,-0.13749999999999996
2015-06-30,3.5,0.014492753623188248
2015-07-01,3.4,-0.02857142857142858
2015-07-02,3.28,-0.03529411764705881
2015-07-06,3.15,-0.03963414634146334
2015-07-07,2.95,-0.06349206349206338
2015-07-08,2.9,-0.016949152542372947
2015-07-09,3.05,0.051724137931034475
2015-07-10,3.05,0.0
2015-07-13,3.0,-0.016393442622950727
2015-07-14,3.05,0.016666666666666607
2015-07-15,3.36,0.10163934426229515
2015-07-16,3.1,-0.07738095238095233
2015-07-17,3.35,0.08064516129032251
2015-07-20,3.2,-0.04477611940298509
2015-07-21,3.39,0.059374999999999956
2015-07-22,3.4,0.002949852507374562
2015-07-23,3.4,0.0
2015-07-24,3.2,-0.05882352941176461
2015-07-27,3.17,-0.009375000000000022
2015-07-28,3.7,0.1671924290220821
2015-07-29,3.5,-0.05405405405405406
2015-07-30,3.7,0.05714285714285716
2015-07-31,3.52,-0.04864864864864871
2015-08-03,3.59,0.019886363636363535
2015-08-04,3.38,-0.058495821727019504
2015-08-05,3.5,0.035502958579881616
2015-08-06,3.57,0.020000000000000018
2015-08-07,3.76,0.053221288515406195
2015-08-10,3.8,0.010638297872340496
2015-08-11,3.78,-0.0052631578947368585
2015-08-12,4.19,0.1084656084656086
2015-08-13,3.92,-0.06443914081145596
2015-08-14,3.7,-0.05612244897959173
2015-08-17,3.63,-0.018918918918918948
2015-08-18,3.65,0.005509641873278293
2015-08-19,3.6,-0.013698630136986245
2015-08-20,3.59,-0.002777777777777879
2015-08-21,3.7,0.03064066852367686
2015-08-24,3.65,-0.013513513513513598
2015-08-25,3.7,0.013698630136986356
2015-08-26,3.4,-0.08108108108108114
2015-08-27,3.7,0.08823529411764719
2015-08-28,3.76,0.01621621621621605
2015-08-31,3.76,0.0
2015-09-01,3.55,-0.05585106382978722
2015-09-02,3.65,0.028169014084507005
2015-09-03,3.7,0.013698630136986356
2015-09-04,3.68,-0.005405405405405461
2015-09-08,3.79,0.029891304347825942
2015-09-09,3.7,-0.0237467018469657
2015-09-10,3.876,0.047567567567567526
2015-09-11,3.8,-0.019607843137254943
2015-09-14,3.8,0.0
2015-09-15,3.705,-0.02499999999999991
2015-09-16,3.7,-0.0013495276653171517
2015-09-17,3.64,-0.016216216216216273
2015-09-18,3.637,-0.0008241758241758212
2015-09-21,3.6,-0.010173219686554824
2015-09-22,3.74,0.03888888888888897
2015-09-23,3.73,-0.002673796791443861
2015-09-24,3.73,0.0
2015-09-25,3.6,-0.034852546916890104
2015-09-28,3.6,0.0
2015-09-29,3.54,-0.01666666666666672
2015-09-30,3.26,-0.07909604519774016
2015-10-01,3.15,-0.033742331288343475
2015-10-02,3.1,-0.015873015873015817
2015-10-05,3.15,0.016129032258064502
2015-10-06,3.15,0.0
2015-10-07,3.19,0.012698412698412653
2015-10-08,3.2,0.0031347962382446415
2015-10-09,3.3,0.031249999999999778
2015-10-12,3.35,0.015151515151515138
2015-10-13,3.33,-0.005970149253731294
2015-10-14,3.29,-0.012012012012012074
2015-10-15,3.25,-0.012158054711246202
2015-10-16,3.25,0.0
2015-10-19,3.35,0.030769230769230882
2015-10-20,3.3,-0.014925373134328401
2015-10-21,3.23,-0.021212121212121127
2015-10-22,3.3,0.021671826625387025
2015-10-23,3.29,-0.003030303030302939
2015-10-26,3.25,-0.012158054711246202
2015-10-27,3.25,0.0
2015-10-28,3.24,-0.003076923076922977
2015-10-29,3.2,-0.012345679012345734
2015-10-30,3.15,-0.01562500000000011
2015-11-02,3.05,-0.031746031746031744
2015-11-03,3.01,-0.013114754098360715
2015-11-04,2.95,-0.019933554817275656
2015-11-05,3.07,0.04067796610169472
2015-11-06,3.0,-0.02280130293159599
2015-11-09,3.05,0.016666666666666607
2015-11-10,2.97,-0.026229508196721207
2015-11-11,3.01,0.013468013468013407
2015-11-12,2.6,-0.1362126245847175
2015-11-13,2.65,0.019230769230769162
2015-11-16,2.69,0.015094339622641506
2015-11-17,2.75,0.02230483271375472
2015-11-18,2.9,0.05454545454545445
2015-11-19,2.98,0.02758620689655178
2015-11-20,2.94,-0.01342281879194629
2015-11-23,2.87,-0.023809523809523725
2015-11-24,2.83,-0.013937282229965153
2015-11-25,2.98,0.053003533568904526
2015-11-27,2.96,-0.006711409395973145
2015-11-30,2.75,-0.07094594594594594
2015-12-01,2.85,0.036363636363636376
2015-12-02,2.8,-0.01754385964912286
2015-12-03,2.81,0.0035714285714285587
2015-12-04,2.83,0.007117437722419906
2015-12-07,3.0,0.060070671378091856
2015-12-08,3.0,0.0
2015-12-09,3.0,0.0
2015-12-10,3.12,0.040000000000000036
2015-12-11,3.2,0.025641025641025772
2015-12-14,3.15,-0.01562500000000011
2015-12-15,3.14,-0.0031746031746030523
2015-12-16,3.0,-0.04458598726114649
2015-12-17,2.89,-0.036666666666666625
2015-12-18,2.39,-0.17301038062283736
2015-12-21,2.61,0.09205020920502083
2015-12-22,2.51,-0.03831417624521072
2015-12-23,2.5,-0.003984063745019806
2015-12-24,2.5,0.0
2015-12-28,2.51,0.0040000000000000036
2015-12-29,2.55,0.015936254980079667
2015-12-30,2.55,0.0
2015-12-31,2.8,0.0980392156862746
2016-01-04,2.71,-0.03214285714285714
2016-01-05,2.75,0.014760147601476037
2016-01-06,2.79,0.014545454545454639
2016-01-07,2.72,-0.02508960573476693
2016-01-08,2.8,0.02941176470588225
2016-01-11,2.91,0.03928571428571437
2016-01-12,2.79,-0.04123711340206193
2016-01-13,2.75,-0.014336917562724039
2016-01-14,2.7195,-0.01109090909090904
2016-01-15,2.713,-0.002390145247288089
2016-01-19,2.51,-0.07482491706597871
2016-01-20,2.393,-0.04661354581673305
2016-01-21,2.35,-0.01796907647304624
2016-01-22,2.42,0.029787234042553123
2016-01-25,2.3799,-0.016570247933884175
2016-01-26,2.29,-0.03777469641581588
2016-01-27,2.25,-0.017467248908296984
2016-01-28,2.34,0.040000000000000036
2016-01-29,2.3,-0.017094017094017144
2016-02-01,2.33,0.013043478260869712
2016-02-02,2.23,-0.04291845493562241
2016-02-03,2.25,0.008968609865470878
2016-02-04,2.28,0.013333333333333197
2016-02-05,2.38,0.043859649122807154
2016-02-08,2.25,-0.054621848739495715
2016-02-09,2.25,0.0
2016-02-10,2.25,0.0
2016-02-11,2.309,0.02622222222222237
2016-02-12,2.31,0.0004330879168470414
2016-02-16,2.23,-0.03463203463203468
2016-02-17,2.45,0.09865470852017943
2016-02-18,2.55,0.04081632653061207
2016-02-19,2.6,0.019607843137255054
2016-02-22,2.7,0.03846153846153855
2016-02-23,2.93,0.08518518518518525
2016-02-24,2.93,0.0
2016-02-25,2.96,0.010238907849829282
2016-02-26,3.2267,0.09010135135135133
2016-02-29,3.04,-0.05786097251061462
2016-03-01,2.9,-0.046052631578947456
2016-03-02,2.88,-0.006896551724137945
2016-03-03,2.885,0.0017361111111111605
2016-03-04,2.95,0.022530329289428108
2016-03-07,3.0,0.016949152542372836
2016-03-08,3.017,0.005666666666666709
2016-03-09,3.02,0.0009943652635069355
2016-03-10,3.0,-0.0066225165562914245
2016-03-11,3.0331,0.01103333333333345
2016-03-14,3.45,0.13745013352675484
2016-03-15,3.51,0.017391304347825987
2016-03-16,3.28,-0.06552706552706555
2016-03-17,3.25,-0.009146341463414531
2016-03-18,2.75,-0.15384615384615385
2016-03-21,2.49,-0.09454545454545449
2016-03-22,2.38,-0.04417670682730934
2016-03-23,2.38,0.0
2016-03-24,2.5,0.050420168067226934
2016-03-28,2.5,0.0
2016-03-29,2.45,-0.019999999999999907
2016-03-30,2.7,0.1020408163265305
2016-03-31,2.71,0.0037037037037035425
2016-04-01,2.57,-0.05166051660516613
2016-04-04,2.49,-0.03112840466926059
2016-04-05,2.3,-0.07630522088353431
2016-04-06,2.22,-0.03478260869565197
2016-04-07,2.17,-0.022522522522522626
2016-04-08,2.15,-0.009216589861751112
2016-04-11,2.1899,0.018558139534883944
2016-04-12,2.25,0.02744417553312939
2016-04-13,2.37,0.053333333333333455
2016-04-14,2.42,0.021097046413502074
2016-04-15,2.25,-0.07024793388429751
2016-04-18,2.45,0.08888888888888902
2016-04-19,2.52,0.02857142857142847
2016-04-20,2.51,-0.003968253968254065
2016-04-21,2.43,-0.03187250996015922
2016-04-22,2.4,-0.012345679012345734
2016-04-25,2.47,0.029166666666666785
2016-04-26,2.45,-0.0080971659919028
2016-04-27,2.38,-0.028571428571428692
2016-04-28,2.39,0.004201680672269115
2016-04-29,2.2,-0.07949790794979072
2016-05-02,2.23,0.013636363636363447
2016-05-03,2.2599,0.013408071748878925
2016-05-04,2.25,-0.004380724810832293
2016-05-05,2.2299,-0.008933333333333238
2016-05-06,2.01,-0.09861428763621705
2016-05-09,2.1515,0.07039800995024881
2016-05-10,2.21,0.027190332326284095
2016-05-11,2.24,0.013574660633484337
2016-05-12,2.0999,-0.062544642857143
2016-05-13,1.85,-0.1190056669365207
2016-05-16,1.8,-0.027027027027027084
2016-05-17,1.6896,-0.06133333333333335
2016-05-18,1.7,0.006155303030302983
2016-05-19,1.81,0.06470588235294117
2016-05-20,1.82,0.005524861878453136
2016-05-23,1.85,0.016483516483516425
2016-05-24,1.9,0.027027027027026973
2016-05-25,1.91,0.0052631578947368585
2016-05-26,1.93,0.010471204188481575
2016-05-27,2.11,0.0932642487046631
2016-05-31,2.1,-0.004739336492890933
2016-06-01,2.1,0.0
2016-06-02,2.05,-0.023809523809523947
2016-06-03,2.15,0.04878048780487809
2016-06-06,2.19,0.018604651162790642
2016-06-07,2.1925,0.0011415525114155667
2016-06-08,2.2201,0.01258836944127717
2016-06-09,2.18,-0.01806224944822299
2016-06-10,2.11,-0.03211009174311941
2016-06-13,2.14,0.014218009478673022
2016-06-14,2.08,-0.028037383177570097
2016-06-15,2.16,0.03846153846153855
2016-06-16,2.02,-0.06481481481481488
2016-06-17,2.05,0.014851485148514865
2016-06-20,2.12,0.034146341463414887
2016-06-21,2.1101,-0.004669811320754724
2016-06-22,2.06,-0.023742950571063015
2016-06-23,2.05,-0.004854368932038944
2016-06-24,2.0,-0.024390243902438935
2016-06-27,1.99,-0.0050000000000000044
2016-06-28,1.86,-0.0653266331658291
2016-06-29,1.9619,0.05478494623655905
2016-06-30,1.91,-0.02645394770375664
2016-07-01,1.99,0.041884816753926746
2016-07-05,1.9,-0.045226130653266416
2016-07-06,1.85,-0.02631578947368407
2016-07-07,1.85,0.0
2016-07-08,1.86,0.00540540540540535
2016-07-11,1.9,0.021505376344086002
2016-07-12,1.92,0.010526315789473717
2016-07-13,1.9399,0.010364583333333455
2016-07-14,1.9,-0.020568070519098924
2016-07-15,1.88,-0.010526315789473717
2016-07-18,1.88,0.0
2016-07-19,1.76,-0.06382978723404253
2016-07-20,1.8,0.022727272727272707
2016-07-21,1.77,-0.01666666666666672
2016-07-22,1.79,0.011299435028248705
2016-07-25,1.7699,-0.011229050279329633
2016-07-26,1.79,0.01135657381772992
2016-07-27,1.78,-0.005586592178770999
2016-07-28,1.77,-0.005617977528089901
2016-07-29,1.8,0.016949152542372836
2016-08-01,1.78,-0.011111111111111072
2016-08-02,1.64,-0.07865168539325851
2016-08-03,1.8,0.09756097560975618
2016-08-04,1.83,0.016666666666666607
2016-08-05,1.86,0.016393442622950838
2016-08-08,1.75,-0.05913978494623662
2016-08-09,1.7,-0.02857142857142858
2016-08-10,1.7,0.0
2016-08-11,1.5519,-0.08711764705882352
2016-08-12,1.55,-0.0012243056897995874
2016-08-15,1.58,0.019354838709677358
2016-08-16,1.65,0.04430379746835422
2016-08-17,1.69,0.024242424242424176
2016-08-18,1.66,-0.017751479289940808
2016-08-19,1.55,-0.06626506024096379
2016-08-22,1.29,-0.16774193548387095
2016-08-23,1.35,0.04651162790697683
2016-08-24,1.35,0.0
2016-08-25,1.23,-0.08888888888888902
2016-08-26,1.3,0.05691056910569103
2016-08-29,1.24,-0.04615384615384621
2016-08-30,1.1,-0.11290322580645151
2016-08-31,1.07,-0.027272727272727337
2016-09-01,1.08,0.009345794392523477
2016-09-02,1.34,0.2407407407407407
2016-09-06,1.4,0.04477611940298498
2016-09-07,1.5,0.0714285714285714
2016-09-08,1.46,-0.026666666666666727
2016-09-09,1.28,-0.12328767123287665
2016-09-12,1.38,0.078125
2016-09-13,1.37,-0.007246376811594013
2016-09-14,1.25,-0.08759124087591252
2016-09-15,1.25,0.0
2016-09-16,1.15,-0.08000000000000007
2016-09-19,1.2,0.04347826086956519
2016-09-20,1.22,0.016666666666666607
2016-09-21,1.14,-0.06557377049180335
2016-09-22,1.23,0.07894736842105265
2016-09-23,1.1101,-0.0974796747967479
2016-09-26,1.12,0.008918115485091471
2016-09-27,1.15,0.02678571428571419
2016-09-28,1.12,-0.02608695652173898
2016-09-29,1.13,0.008928571428571175
2016-09-30,1.13,0.0
2016-10-03,1.19,0.053097345132743445
2016-10-04,1.21,0.01680672268907557
2016-10-05,1.17,-0.03305785123966942
2016-10-06,1.1099,-0.05136752136752121
2016-10-07,1.16,0.0451392017298855
2016-10-10,1.18,0.01724137931034475
2016-10-11,1.09,-0.07627118644067787
2016-10-12,1.13,0.0366972477064218
2016-10-13,1.05,-0.07079646017699104
2016-10-14,1.0013,-0.0463809523809523
2016-10-17,1.0,-0.001298312194147666
2016-10-18,1.03,0.030000000000000027
2016-10-19,0.9196,-0.10718446601941756
2016-10-20,0.9,-0.02131361461504999
2016-10-21,0.9,0.0
2016-10-24,0.89,-0.011111111111111072
2016-10-25,0.84,-0.0561797752808989
2016-10-26,0.84,0.0
2016-10-27,0.8401,0.00011904761904757422
2016-10-28,0.79,-0.05963575764789897
2016-10-31,0.7498,-0.050886075949367116
2016-11-01,0.65,-0.13310216057615365
2016-11-02,0.6169,-0.05092307692307696
2016-11-03,0.64,0.037445290970983924
2016-11-04,0.7299,0.14046874999999992
2016-11-07,0.765,0.04808877928483346
2016-11-08,0.76,-0.006535947712418277
2016-11-09,0.6701,-0.1182894736842105
2016-11-10,0.59,-0.11953439785106712
2016-11-11,0.5921,0.0035593220338983045
2016-11-14,0.63,0.06400945786184775
2016-11-15,0.581,-0.07777777777777783
2016-11-16,0.5001,-0.1392426850258175
2016-11-17,0.5,-0.00019996000799837876
2016-11-18,0.5,0.0
2016-11-21,0.54,0.08000000000000007
2016-11-22,0.52,-0.03703703703703709
2016-11-23,0.5101,-0.01903846153846156
2016-11-25,0.5182,0.015879239364830378
2016-11-28,0.496,-0.042840602084137425
2016-11-29,0.4935,-0.005040322580645129
2016-11-30,0.57,0.15501519756838888
2016-12-01,0.516,-0.09473684210526301
2016-12-02,0.5061,-0.01918604651162792
2016-12-05,0.49,-0.0318118948824343
2016-12-06,0.4855,-0.009183673469387754
2016-12-07,0.54,0.11225540679711643
2016-12-08,0.6642,0.22999999999999998
2016-12-09,0.68,0.023788015657934425
2016-12-12,0.5319,-0.2177941176470588
2016-12-13,0.6282,0.18104906937394238
2016-12-14,0.5898,-0.06112702960840499
2016-12-15,0.566,-0.04035266191929476
2016-12-16,0.605,0.06890459363957602
2016-12-19,0.588,-0.028099173553719048
2016-12-20,0.5605,-0.04676870748299311
2016-12-21,0.5601,-0.0007136485280998528
2016-12-22,0.5564,-0.006605963220853495
2016-12-23,0.5729,0.029654924514737502
2016-12-27,0.583,0.017629603770291435
2016-12-28,0.59,0.012006861063464935
2016-12-29,0.5691,-0.03542372881355915
2016-12-30,0.55,-0.03356176418907042
2017-01-03,0.5599,0.017999999999999794
2017-01-04,0.55,-0.017681728880156955
2017-01-05,0.5501,0.00018181818181806086
2017-01-06,0.5401,-0.018178512997636842
2017-01-09,0.5,-0.074245510090724
2017-01-10,0.5602,0.12040000000000006
2017-01-11,0.7,0.24955373081042476
2017-01-12,0.5909,-0.1558571428571428
2017-01-13,0.5829,-0.013538669825689631
2017-01-17,0.54,-0.07359752959341215
2017-01-18,0.5191,-0.038703703703703796
2017-01-19,0.483,-0.06954344057021777
2017-01-20,0.43,-0.10973084886128359
2017-01-23,0.34,-0.20930232558139528
2017-01-24,0.33,-0.02941176470588236
2017-01-25,0.3999,0.21181818181818168
2017-01-26,0.3702,-0.07426856714178542
2017-01-27,0.3805,0.02782279848730429
2017-01-30,0.3646,-0.041787122207621596
2017-01-31,0.359,-0.015359297860669252
2017-02-01,0.3775,0.051532033426183954
2017-02-02,0.37,-0.019867549668874163
2017-02-03,0.429,0.15945945945945939
2017-02-06,0.43,0.002331002331002363
2017-02-07,0.4499,0.046279069767442005
2017-02-08,0.4336,-0.036230273394087686
2017-02-09,0.4549,0.04912361623616235
2017-02-10,0.44,-0.032754451527808315
2017-02-13,0.432,-0.018181818181818188
2017-02-14,0.4489,0.039120370370370416
2017-02-15,0.4402,-0.019380708398307078
2017-02-16,0.4199,-0.04611540208995912
2017-02-17,0.41,-0.02357704215289358
2017-02-21,0.4199,0.024146341463414656
2017-02-22,0.4099,-0.023815194093831926
2017-02-23,0.3947,-0.037082215174432775
2017-02-24,0.4001,0.013681276919179197
2017-02-27,0.47,0.17470632341914505
2017-02-28,0.48,0.02127659574468077
2017-03-01,0.4849,0.010208333333333375
2017-03-02,0.5125,0.056918952361311614
2017-03-03,0.5099,-0.0050731707317072106
2017-03-06,0.61,0.19631300254951944
2017-03-07,0.83,0.360655737704918
2017-03-08,0.95,0.14457831325301207
2017-03-09,0.8564,-0.09852631578947357
2017-03-10,0.572,-0.3320878094348436
2017-03-13,0.515,-0.09965034965034958
2017-03-14,0.4829,-0.06233009708737869
2017-03-15,0.472,-0.02257196106854431
2017-03-16,0.524,0.11016949152542388
2017-03-17,0.6378,0.21717557251908404
2017-03-20,0.67,0.05048604578237703
2017-03-21,0.5983,-0.10701492537313428
2017-03-22,0.6047,0.010696974761825073
2017-03-23,0.5641,-0.0671407309409624
2017-03-24,0.56,-0.007268214855522093
2017-03-27,0.53,-0.0535714285714286
2017-03-28,0.62,0.16981132075471694
2017-03-29,0.6463,0.04241935483870973
2017-03-30,0.63,-0.025220485842487927
2017-03-31,0.6229,-0.011269841269841208
2017-04-03,0.625,0.003371327660940837
2017-04-04,0.6101,-0.023840000000000083
2017-04-05,0.583,-0.04441894771348964
2017-04-06,0.535,-0.08233276157804448
2017-04-07,0.5597,0.04616822429906531
2017-04-10,0.535,-0.04413078434875817
2017-04-11,0.51,-0.04672897196261683
2017-04-12,0.525,0.02941176470588247
2017-04-13,0.53,0.00952380952380949
2017-04-17,0.5402,0.019245283018867854
2017-04-18,0.55,0.01814142910033323
2017-04-19,0.6175,0.1227272727272728
2017-04-20,0.59,-0.044534412955465674
2017-04-21,0.569,-0.035593220338983045
2017-04-24,0.5201,-0.08594024604569406
2017-04-25,0.5192,-0.0017304364545279727
2017-04-26,0.53,0.02080123266563949
2017-04-27,0.51,-0.037735849056603765
2017-04-28,0.5,-0.019607843137254943
2017-05-01,0.5194,0.038799999999999946
2017-05-02,0.52,0.001155179052753308
2017-05-03,0.5176,-0.004615384615384799
2017-05-04,0.5148,-0.005409582689335224
2017-05-05,0.49,-0.048174048174048245
2017-05-08,0.4711,-0.03857142857142848
2017-05-09,0.4301,-0.0870303544894927
2017-05-10,0.4,-0.06998372471518244
2017-05-11,0.36,-0.10000000000000009
2017-05-12,0.53,0.4722222222222223
2017-05-15,0.5,-0.05660377358490576
2017-05-16,0.5295,0.05899999999999994
2017-05-17,0.5003,-0.05514636449480648
2017-05-18,0.4622,-0.07615430741555063
2017-05-19,0.4474,-0.032020770229337914
2017-05-22,0.4499,0.005587840858292337
2017-05-23,0.4399,-0.02222716159146476
2017-05-24,0.42,-0.0452375539895431
2017-05-25,0.4293,0.022142857142857242
2017-05-26,0.435,0.01327742837176804
2017-05-30,0.52375,0.20402298850574718
2017-05-31,0.69,0.3174224343675416
2017-06-01,0.62,-0.10144927536231874
2017-06-02,0.6,-0.032258064516129115
2017-06-05,0.588,-0.020000000000000018
2017-06-06,0.5881,0.00017006802721075687
2017-06-07,0.6301,0.07141642577792906
2017-06-08,0.67,0.06332328201872728
2017-06-09,0.6392,-0.04597014925373144
2017-06-12,0.6453,0.009543178973717037
2017-06-13,0.62,-0.039206570587323686
2017-06-14,0.6054,-0.023548387096774093
2017-06-15,0.58,-0.04195573174760503
2017-06-16,0.5909,0.018793103448276005
2017-06-19,0.5755,-0.02606193941445245
2017-06-20,0.585,0.01650738488271064
2017-06-21,0.63,0.0769230769230771
2017-06-22,0.6302,0.0003174603174602719
2017-06-23,0.6879,0.09155823548079978
2017-06-26,0.6755,-0.018025875854048468
2017-06-27,0.68,0.006661732050333269
2017-06-28,0.6989,0.027794117647058636
2017-06-29,0.67,-0.04135069394763191
2017-06-30,0.6601,-0.014776119402985066
2017-07-03,0.62,-0.06074837145886991
2017-07-05,0.64,0.032258064516129004
2017-07-06,0.64,0.0
2017-07-07,0.62,-0.03125
2017-07-10,0.81,0.306451612903226
2017-07-11,0.74,-0.0864197530864198
2017-07-12,0.69,-0.06756756756756765
2017-07-13,0.76,0.10144927536231885
2017-07-14,0.7602,0.000263157894736743
2017-07-17,0.77,0.012891344383057168
2017-07-18,0.7401,-0.03883116883116888
2017-07-19,0.77,0.04039994595324958
2017-07-20,0.79,0.025974025974025983
2017-07-21,0.7999,0.012531645569620276
2017-07-24,0.7669,-0.0412551568946119
2017-07-25,0.79,0.030121267440344157
2017-07-26,0.7792,-0.013670886075949462
2017-07-27,0.7463,-0.04222279260780293
2017-07-28,0.72,-0.035240519898164235
2017-07-31,0.7051,-0.02069444444444446
2017-08-01,0.7114,0.008934902850659565
2017-08-02,0.71,-0.001967950520101347
2017-08-03,0.76,0.07042253521126773
2017-08-04,0.7895,0.03881578947368425
2017-08-07,0.89,0.12729575680810634
2017-08-08,0.88,-0.011235955056179803
2017-08-09,1.0,0.13636363636363646
2017-08-10,0.75,-0.25
2017-08-11,0.71,-0.053333333333333344
2017-08-14,0.71,0.0
2017-08-15,0.6596,-0.07098591549295774
2017-08-16,0.6444,-0.02304426925409342
2017-08-17,0.6501,0.008845437616387342
2017-08-18,0.6549,0.007383479464697862
2017-08-21,0.69,0.0535959688502059
2017-08-22,0.6691,-0.030289855072463623
2017-08-23,0.6893,0.030189807203706565
2017-08-24,0.69,0.001015522994342044
2017-08-25,0.705,0.021739130434782705
2017-08-28,0.705,0.0
2017-08-29,0.71,0.007092198581560183
2017-08-30,0.68,-0.042253521126760396
2017-08-31,0.7475,0.09926470588235303
2017-09-01,0.76,0.01672240802675584
2017-09-05,0.7991,0.051447368421052575
2017-09-06,0.7699,-0.036541108747340734
2017-09-07,0.7691,-0.001039095986491767
2017-09-08,0.769,-0.00013002210375767653
2017-09-11,0.78,0.014304291287386306
2017-09-12,0.84,0.07692307692307687
2017-09-13,0.816,-0.02857142857142858
2017-09-14,0.79,-0.0318627450980391
2017-09-15,0.78,-0.012658227848101222
2017-09-18,0.8001,0.025769230769230766
2017-09-19,0.7899,-0.012748406449193839
2017-09-20,0.7558,-0.04317002152171168
2017-09-21,0.76,0.005557025668166071
2017-09-22,0.78,0.026315789473684292
2017-09-25,0.782,0.002564102564102555
2017-09-26,0.731,-0.0652173913043479
2017-09-27,0.7413,0.014090287277701785
2017-09-28,0.7482,0.009307972480776971
2017-09-29,0.721,-0.0363539160652232
2017-10-02,0.8101,0.1235783633841887
2017-10-03,0.748,-0.07665720281446742
2017-10-04,0.7218,-0.035026737967914445
2017-10-05,0.7401,0.02535328345802168
2017-10-06,0.74,-0.0001351168760977961
2017-10-09,0.7197,-0.02743243243243243
2017-10-10,0.71,-0.01347783798805069
2017-10-11,0.6974,-0.017746478873239324
2017-10-12,0.69,-0.010610840263837185
2017-10-13,0.67,-0.02898550724637672
2017-10-16,0.675,0.00746268656716409
2017-10-17,0.6869,0.01762962962962944
2017-10-18,0.676,-0.015868394234968553
2017-10-19,0.6653,-0.015828402366864003
2017-10-20,0.6706,0.007966330978505853
2017-10-23,0.6799,0.013868177751267474
2017-10-24,0.675,-0.007206942197381827
2017-10-25,0.6399,-0.052000000000000046
2017-10-26,0.6301,-0.015314892952023818
2017-10-27,0.6402,0.016029201714013563
2017-10-30,0.6886,0.07560137457044669
2017-10-31,0.6898,0.0017426662794075565
2017-11-01,0.7064,0.024064946361264328
2017-11-02,0.735,0.04048697621744046
2017-11-03,0.7199,-0.020544217687074817
2017-11-06,0.7291,0.012779552715654896
2017-11-07,0.7098,-0.026470991633520735
2017-11-08,0.6869,-0.03226260918568613
2017-11-09,0.69,0.004513029553064429
2017-11-10,0.71,0.02898550724637694
